Name,Bases,Sequence,Cycle ,Cycle Type,Sequence orientation 
ltm8_5pf,37,ACTTACCCGCTACTTTCATCACTAATTTACTCCCAAC,0,5' primer flank ,5' to 3'
ltm8_1x1,50,GCCTCTTATCCAAAACAACATCAATCCTACATCGCCTAATACTTTCATCC,1,Address Region 1 ,5' to 3'
ltm8_1x2,50,GCCTCTTATCCAAATATACCTCGCCTCATCTCAATCAAATACTTTCATCC,1,Address Region 1 ,5' to 3'
ltm8_1x3,50,GCCTCTTATCCAATTTCACTTCTTATCCGCCTCACCTAATACTTTCATCC,1,Address Region 1 ,5' to 3'
ltm8_1x4,50,GCCTCTTATCCAACACCTTCACCTTACCTACTCAATTCATACTTTCATCC,1,Address Region 1 ,5' to 3'
ltm8_1x5,50,GCCTCTTATCCAACAACCCTCTATCCGCCTCTCCACTAATACTTTCATCC,1,Address Region 1 ,5' to 3'
ltm8_1x6,50,GCCTCTTATCCAAAACCCATCACTTACCTCTCTTAACAATACTTTCATCC,1,Address Region 1 ,5' to 3'
ltm8_1x7,50,GCCTCTTATCCAACCATCCATATCATTTTCTCCTTACCATACTTTCATCC,1,Address Region 1 ,5' to 3'
ltm8_1x8,50,GCCTCTTATCCAACCACATCTACCCTTCCACTCTATCAATACTTTCATCC,1,Address Region 1 ,5' to 3'
ltm8_2x1,50,ACGCCTCTTAATCAACAACATCAATCCTACATCGCCTACCTATCTATCTC,2,Address Region 2 ,5' to 3'
ltm8_2x2,50,ACGCCTCTTAATCATATACCTCGCCTCATCTCAATCAACCTATCTATCTC,2,Address Region 2 ,5' to 3'
ltm8_2x3,50,ACGCCTCTTAATCTTTCACTTCTTATCCGCCTCACCTACCTATCTATCTC,2,Address Region 2 ,5' to 3'
ltm8_2x4,50,ACGCCTCTTAATCCACCTTCACCTTACCTACTCAATTCCCTATCTATCTC,2,Address Region 2 ,5' to 3'
ltm8_2x5,50,ACGCCTCTTAATCCAACCCTCTATCCGCCTCTCCACTACCTATCTATCTC,2,Address Region 2 ,5' to 3'
ltm8_2x6,50,ACGCCTCTTAATCAACCCATCACTTACCTCTCTTAACACCTATCTATCTC,2,Address Region 2 ,5' to 3'
ltm8_2x7,50,ACGCCTCTTAATCCCATCCATATCATTTTCTCCTTACCCCTATCTATCTC,2,Address Region 2 ,5' to 3'
ltm8_2x8,50,ACGCCTCTTAATCCCACATCTACCCTTCCACTCTATCACCTATCTATCTC,2,Address Region 2 ,5' to 3'
ltm8_3x1,50,ACACGCACTCTTCAACAACATCAATCCTACATCGCCTACACATCCTACTT,3,Payload Region 1,5' to 3'
ltm8_3x2,50,ACACGCACTCTTCATATACCTCGCCTCATCTCAATCAACACATCCTACTT,3,Payload Region 1,5' to 3'
ltm8_3x3,50,ACACGCACTCTTCTTTCACTTCTTATCCGCCTCACCTACACATCCTACTT,3,Payload Region 1,5' to 3'
ltm8_3x4,50,ACACGCACTCTTCCACCTTCACCTTACCTACTCAATTCCACATCCTACTT,3,Payload Region 1,5' to 3'
ltm8_3x5,50,ACACGCACTCTTCCAACCCTCTATCCGCCTCTCCACTACACATCCTACTT,3,Payload Region 1,5' to 3'
ltm8_3x6,50,ACACGCACTCTTCAACCCATCACTTACCTCTCTTAACACACATCCTACTT,3,Payload Region 1,5' to 3'
ltm8_3x7,50,ACACGCACTCTTCCCATCCATATCATTTTCTCCTTACCCACATCCTACTT,3,Payload Region 1,5' to 3'
ltm8_3x8,50,ACACGCACTCTTCCCACATCTACCCTTCCACTCTATCACACATCCTACTT,3,Payload Region 1,5' to 3'
ltm8_4x1,50,TCACCTACCCGCAAACAACATCAATCCTACATCGCCTACTTACTTTCCTA,4,Payload Region 2,5' to 3'
ltm8_4x2,50,TCACCTACCCGCAATATACCTCGCCTCATCTCAATCAACTTACTTTCCTA,4,Payload Region 2,5' to 3'
ltm8_4x3,50,TCACCTACCCGCATTTCACTTCTTATCCGCCTCACCTACTTACTTTCCTA,4,Payload Region 2,5' to 3'
ltm8_4x4,50,TCACCTACCCGCACACCTTCACCTTACCTACTCAATTCCTTACTTTCCTA,4,Payload Region 2,5' to 3'
ltm8_4x5,50,TCACCTACCCGCACAACCCTCTATCCGCCTCTCCACTACTTACTTTCCTA,4,Payload Region 2,5' to 3'
ltm8_4x6,50,TCACCTACCCGCAAACCCATCACTTACCTCTCTTAACACTTACTTTCCTA,4,Payload Region 2,5' to 3'
ltm8_4x7,50,TCACCTACCCGCACCATCCATATCATTTTCTCCTTACCCTTACTTTCCTA,4,Payload Region 2,5' to 3'
ltm8_4x8,50,TCACCTACCCGCACCACATCTACCCTTCCACTCTATCACTTACTTTCCTA,4,Payload Region 2,5' to 3'
ltm8_5x1,50,CTCACTTCTCCACAACAACATCAATCCTACATCGCCTACTCACACACTTC,5,Payload Region 3,5' to 3'
ltm8_5x2,50,CTCACTTCTCCACATATACCTCGCCTCATCTCAATCAACTCACACACTTC,5,Payload Region 3,5' to 3'
ltm8_5x3,50,CTCACTTCTCCACTTTCACTTCTTATCCGCCTCACCTACTCACACACTTC,5,Payload Region 3,5' to 3'
ltm8_5x4,50,CTCACTTCTCCACCACCTTCACCTTACCTACTCAATTCCTCACACACTTC,5,Payload Region 3,5' to 3'
ltm8_5x5,50,CTCACTTCTCCACCAACCCTCTATCCGCCTCTCCACTACTCACACACTTC,5,Payload Region 3,5' to 3'
ltm8_5x6,50,CTCACTTCTCCACAACCCATCACTTACCTCTCTTAACACTCACACACTTC,5,Payload Region 3,5' to 3'
ltm8_5x7,50,CTCACTTCTCCACCCATCCATATCATTTTCTCCTTACCCTCACACACTTC,5,Payload Region 3,5' to 3'
ltm8_5x8,50,CTCACTTCTCCACCCACATCTACCCTTCCACTCTATCACTCACACACTTC,5,Payload Region 3,5' to 3'
ltm8_6x1,50,TACTTACTACCACAACAACATCAATCCTACATCGCCTACTCCTATATACT,6,Payload Region 4,5' to 3'
ltm8_6x2,50,TACTTACTACCACATATACCTCGCCTCATCTCAATCAACTCCTATATACT,6,Payload Region 4,5' to 3'
ltm8_6x3,50,TACTTACTACCACTTTCACTTCTTATCCGCCTCACCTACTCCTATATACT,6,Payload Region 4,5' to 3'
ltm8_6x4,50,TACTTACTACCACCACCTTCACCTTACCTACTCAATTCCTCCTATATACT,6,Payload Region 4,5' to 3'
ltm8_6x5,50,TACTTACTACCACCAACCCTCTATCCGCCTCTCCACTACTCCTATATACT,6,Payload Region 4,5' to 3'
ltm8_6x6,50,TACTTACTACCACAACCCATCACTTACCTCTCTTAACACTCCTATATACT,6,Payload Region 4,5' to 3'
ltm8_6x7,50,TACTTACTACCACCCATCCATATCATTTTCTCCTTACCCTCCTATATACT,6,Payload Region 4,5' to 3'
ltm8_6x8,50,TACTTACTACCACCCACATCTACCCTTCCACTCTATCACTCCTATATACT,6,Payload Region 4,5' to 3'
ltm8_7x1,50,ACCCTTCATTCGCAACAACATCAATCCTACATCGCCTATTCTTCCATCCC,7,Payload Region 5,5' to 3'
ltm8_7x2,50,ACCCTTCATTCGCATATACCTCGCCTCATCTCAATCAATTCTTCCATCCC,7,Payload Region 5,5' to 3'
ltm8_7x3,50,ACCCTTCATTCGCTTTCACTTCTTATCCGCCTCACCTATTCTTCCATCCC,7,Payload Region 5,5' to 3'
ltm8_7x4,50,ACCCTTCATTCGCCACCTTCACCTTACCTACTCAATTCTTCTTCCATCCC,7,Payload Region 5,5' to 3'
ltm8_7x5,50,ACCCTTCATTCGCCAACCCTCTATCCGCCTCTCCACTATTCTTCCATCCC,7,Payload Region 5,5' to 3'
ltm8_7x6,50,ACCCTTCATTCGCAACCCATCACTTACCTCTCTTAACATTCTTCCATCCC,7,Payload Region 5,5' to 3'
ltm8_7x7,50,ACCCTTCATTCGCCCATCCATATCATTTTCTCCTTACCTTCTTCCATCCC,7,Payload Region 5,5' to 3'
ltm8_7x8,50,ACCCTTCATTCGCCCACATCTACCCTTCCACTCTATCATTCTTCCATCCC,7,Payload Region 5,5' to 3'
ltm8_8x1,50,ACCATCGCACAAAAACAACATCAATCCTACATCGCCTATTACCTTTTCTA,8,Payload Region 6,5' to 3'
ltm8_8x2,50,ACCATCGCACAAAATATACCTCGCCTCATCTCAATCAATTACCTTTTCTA,8,Payload Region 6,5' to 3'
ltm8_8x3,50,ACCATCGCACAAATTTCACTTCTTATCCGCCTCACCTATTACCTTTTCTA,8,Payload Region 6,5' to 3'
ltm8_8x4,50,ACCATCGCACAAACACCTTCACCTTACCTACTCAATTCTTACCTTTTCTA,8,Payload Region 6,5' to 3'
ltm8_8x5,50,ACCATCGCACAAACAACCCTCTATCCGCCTCTCCACTATTACCTTTTCTA,8,Payload Region 6,5' to 3'
ltm8_8x6,50,ACCATCGCACAAAAACCCATCACTTACCTCTCTTAACATTACCTTTTCTA,8,Payload Region 6,5' to 3'
ltm8_8x7,50,ACCATCGCACAAACCATCCATATCATTTTCTCCTTACCTTACCTTTTCTA,8,Payload Region 6,5' to 3'
ltm8_8x8,50,ACCATCGCACAAACCACATCTACCCTTCCACTCTATCATTACCTTTTCTA,8,Payload Region 6,5' to 3'
ltm8_9x1,50,CCTTTATCCCCGCAACAACATCAATCCTACATCGCCTATTACATACAACC,9,Payload Region 7,5' to 3'
ltm8_9x2,50,CCTTTATCCCCGCATATACCTCGCCTCATCTCAATCAATTACATACAACC,9,Payload Region 7,5' to 3'
ltm8_9x3,50,CCTTTATCCCCGCTTTCACTTCTTATCCGCCTCACCTATTACATACAACC,9,Payload Region 7,5' to 3'
ltm8_9x4,50,CCTTTATCCCCGCCACCTTCACCTTACCTACTCAATTCTTACATACAACC,9,Payload Region 7,5' to 3'
ltm8_9x5,50,CCTTTATCCCCGCCAACCCTCTATCCGCCTCTCCACTATTACATACAACC,9,Payload Region 7,5' to 3'
ltm8_9x6,50,CCTTTATCCCCGCAACCCATCACTTACCTCTCTTAACATTACATACAACC,9,Payload Region 7,5' to 3'
ltm8_9x7,50,CCTTTATCCCCGCCCATCCATATCATTTTCTCCTTACCTTACATACAACC,9,Payload Region 7,5' to 3'
ltm8_9x8,50,CCTTTATCCCCGCCCACATCTACCCTTCCACTCTATCATTACATACAACC,9,Payload Region 7,5' to 3'
ltm8_10x1,50,CAGCTCCATCCCTAACAACATCAATCCTACATCGCCTATCTCTGCCCATC,10,Payload Region 8,5' to 3'
ltm8_10x2,50,CAGCTCCATCCCTATATACCTCGCCTCATCTCAATCAATCTCTGCCCATC,10,Payload Region 8,5' to 3'
ltm8_10x3,50,CAGCTCCATCCCTTTTCACTTCTTATCCGCCTCACCTATCTCTGCCCATC,10,Payload Region 8,5' to 3'
ltm8_10x4,50,CAGCTCCATCCCTCACCTTCACCTTACCTACTCAATTCTCTCTGCCCATC,10,Payload Region 8,5' to 3'
ltm8_10x5,50,CAGCTCCATCCCTCAACCCTCTATCCGCCTCTCCACTATCTCTGCCCATC,10,Payload Region 8,5' to 3'
ltm8_10x6,50,CAGCTCCATCCCTAACCCATCACTTACCTCTCTTAACATCTCTGCCCATC,10,Payload Region 8,5' to 3'
ltm8_10x7,50,CAGCTCCATCCCTCCATCCATATCATTTTCTCCTTACCTCTCTGCCCATC,10,Payload Region 8,5' to 3'
ltm8_10x8,50,CAGCTCCATCCCTCCACATCTACCCTTCCACTCTATCATCTCTGCCCATC,10,Payload Region 8,5' to 3'
ltm8_3pf,38,CCAACTACACTATACCACCTCGCATCATACCTACCTTA,11,3' primer flank ,5' to 3'